threshold,label,n_significant,n_total,observed_rate,expected_rate,ratio
0.05,alpha=0.05,193544,4397400,0.04401328057488516,0.05,0.8802656114977032
0.01,alpha=0.01,35055,4397400,0.007971756037658616,0.01,0.7971756037658616
0.001,alpha=0.001,2876,4397400,0.0006540228316732615,0.001,0.6540228316732615
0.0002,M_eff (0.05/250),493,4397400,0.00011211170236958202,0.0002,0.5605585118479101
5e-05,Bonferroni,52,4397400,1.1825169418292627e-05,5e-05,0.23650338836585252
1.1370355209896758e-06,Bonferroni,0,4397400,0.0,1.1370355209896758e-06,0.0
